{
  "centroids": [
    [
      2.5229353289917715,
      -2.39657074255257,
      -0.24818309800450414,
      0.8541604269977847
    ],
    [
      -0.26219734184741533,
      0.24037491058413293,
      -0.4842424144714149,
      -0.5449214808570584
    ],
    [
      -0.31809102273733164,
      0.3257459539461551,
      1.4156714915262905,
      1.130435681919041
    ]
  ],
  "labels": [
    1,
    1,
    1,
    2,
    1,
    1,
    2,
    1,
    1,
    2,
    2,
    0,
    1,
    2,
    1,
    1,
    2,
    2,
    1,
    1,
    2,
    1,
    1,
    2,
    1,
    0,
    2,
    2,
    1,
    1,
    1,
    1,
    0,
    1,
    2,
    1,
    1,
    0,
    2,
    0,
    1,
    1,
    1,
    1,
    1,
    0,
    1,
    1,
    2,
    1,
    0,
    1,
    1,
    1,
    1,
    0,
    1,
    1,
    1,
    1,
    2,
    1,
    1,
    2,
    2,
    1,
    0,
    0,
    1,
    1,
    1,
    1,
    2,
    1,
    2,
    1,
    2,
    1,
    2,
    1,
    1,
    1,
    1,
    1,
    1,
    2,
    1,
    1,
    1,
    2,
    1,
    2,
    2,
    1,
    1,
    2,
    1,
    2,
    1,
    1,
    1,
    1,
    0,
    1,
    1,
    1,
    2,
    1,
    2,
    1,
    1,
    1,
    2,
    1,
    1,
    2,
    1,
    1,
    1,
    1,
    1,
    1,
    1,
    1,
    1,
    1,
    1,
    2,
    1,
    2,
    2,
    0,
    1,
    1,
    1,
    1,
    1,
    1,
    0,
    2,
    1,
    1,
    1,
    1,
    1,
    0,
    1,
    2,
    0,
    2,
    1,
    2,
    1,
    1,
    2,
    1,
    2,
    1,
    1,
    1,
    2,
    1,
    2,
    2,
    1,
    1,
    0,
    1,
    1,
    2,
    2,
    1,
    0,
    1,
    1,
    1,
    0,
    0,
    1,
    2,
    1,
    1,
    1,
    1,
    1,
    1,
    1,
    2,
    2,
    1,
    1,
    1,
    2,
    1,
    1,
    1,
    0,
    1,
    1,
    1,
    1,
    1
  ],
  "countries": [
    "Afghanistan",
    "Albania",
    "Algeria",
    "American Samoa",
    "Angola",
    "Antarctica",
    "Antigua and Barbuda",
    "Argentina",
    "Armenia",
    "Aruba",
    "Australia",
    "Austria",
    "Azerbaijan",
    "Bahamas",
    "Bangladesh",
    "Barbados",
    "Belarus",
    "Belgium",
    "Belize",
    "Benin",
    "Bermuda",
    "Bhutan",
    "Bolivia",
    "Bosnia and Herzegovina",
    "Botswana",
    "Brazil",
    "British Virgin Islands",
    "Bulgaria",
    "Burkina Faso",
    "Burundi",
    "Cambodia",
    "Cameroon",
    "Canada",
    "Cape Verde",
    "Cayman Islands",
    "Central African Republic",
    "Chad",
    "Chile",
    "China",
    "Colombia",
    "Comoros",
    "Congo",
    "Cook Islands",
    "Costa Rica",
    "Cote d'Ivoire",
    "Croatia",
    "Cuba",
    "Cyprus",
    "Czechia",
    "Democratic Republic of Congo",
    "Denmark",
    "Djibouti",
    "Dominica",
    "Dominican Republic",
    "East Timor",
    "Ecuador",
    "Egypt",
    "El Salvador",
    "Equatorial Guinea",
    "Eritrea",
    "Estonia",
    "Eswatini",
    "Ethiopia",
    "Falkland Islands",
    "Faroe Islands",
    "Fiji",
    "Finland",
    "France",
    "French Polynesia",
    "Gabon",
    "Gambia",
    "Georgia",
    "Germany",
    "Ghana",
    "Gibraltar",
    "Greece",
    "Greenland",
    "Grenada",
    "Guam",
    "Guatemala",
    "Guinea",
    "Guinea-Bissau",
    "Guyana",
    "Haiti",
    "Honduras",
    "Hong Kong",
    "Hungary",
    "India",
    "Indonesia",
    "Iran",
    "Iraq",
    "Ireland",
    "Israel",
    "Italy",
    "Jamaica",
    "Japan",
    "Jordan",
    "Kazakhstan",
    "Kenya",
    "Kiribati",
    "Kyrgyzstan",
    "Laos",
    "Latvia",
    "Lebanon",
    "Lesotho",
    "Liberia",
    "Libya",
    "Lithuania",
    "Luxembourg",
    "Macao",
    "Madagascar",
    "Malawi",
    "Malaysia",
    "Maldives",
    "Mali",
    "Malta",
    "Mauritania",
    "Mauritius",
    "Mexico",
    "Moldova",
    "Mongolia",
    "Montenegro",
    "Montserrat",
    "Morocco",
    "Mozambique",
    "Myanmar",
    "Namibia",
    "Nauru",
    "Nepal",
    "Netherlands",
    "New Caledonia",
    "New Zealand",
    "Nicaragua",
    "Niger",
    "Nigeria",
    "Niue",
    "North Korea",
    "North Macedonia",
    "Norway",
    "Oman",
    "Pakistan",
    "Palestine",
    "Panama",
    "Papua New Guinea",
    "Paraguay",
    "Peru",
    "Philippines",
    "Poland",
    "Portugal",
    "Puerto Rico",
    "Romania",
    "Russia",
    "Rwanda",
    "Saint Helena",
    "Saint Kitts and Nevis",
    "Saint Lucia",
    "Saint Pierre and Miquelon",
    "Saint Vincent and the Grenadines",
    "Samoa",
    "Sao Tome and Principe",
    "Saudi Arabia",
    "Senegal",
    "Serbia",
    "Seychelles",
    "Sierra Leone",
    "Slovakia",
    "Slovenia",
    "Solomon Islands",
    "Somalia",
    "South Africa",
    "South Korea",
    "South Sudan",
    "Spain",
    "Sri Lanka",
    "Sudan",
    "Suriname",
    "Sweden",
    "Switzerland",
    "Syria",
    "Taiwan",
    "Tajikistan",
    "Tanzania",
    "Thailand",
    "Togo",
    "Tonga",
    "Tunisia",
    "Turkey",
    "Turkmenistan",
    "Turks and Caicos Islands",
    "Uganda",
    "Ukraine",
    "United Kingdom",
    "United States",
    "Uruguay",
    "Uzbekistan",
    "Vanuatu",
    "Venezuela",
    "Vietnam",
    "Western Sahara",
    "Yemen",
    "Zambia",
    "Zimbabwe"
  ],
  "cluster_names": {
    "0": "Transitioning Nations",
    "1": "Fossil Dependent",
    "2": "Fossil Dependent"
  },
  "silhouette_score": 0.5483146505147799,
  "n_clusters": 3
}