{
  "mean": [
    8.692690352697094,
    86.26994865145227,
    3.1601902256562444,
    27309.830943205397
  ],
  "scale": [
    8.829009788651385,
    9.981374815704244,
    16.069452500737878,
    44475.45958909934
  ],
  "feature_names": [
    "renewable_percent",
    "fossil_percent",
    "ghg_per_capita",
    "energy_per_capita"
  ]
}